INSERT INTO "Player" ("id","sourcePlayerId","currentTeamId","nameKo","throwsHand","batsHand","roleType","isActive","createdAt","updatedAt") VALUES ('cmnwpdvqx001qll0wd3m86q4b','박민우_NC','82ea77a3-dc3c-409c-b010-69e52666dd7b','박민우','U','U','HITTER',true,now(),now()) ON CONFLICT ("sourcePlayerId") DO NOTHING;
INSERT INTO "Player" ("id","sourcePlayerId","currentTeamId","nameKo","throwsHand","batsHand","roleType","isActive","createdAt","updatedAt") VALUES ('cmnwpdvrb001ull0wwa5cufwg','박건우_NC','82ea77a3-dc3c-409c-b010-69e52666dd7b','박건우','U','U','HITTER',true,now(),now()) ON CONFLICT ("sourcePlayerId") DO NOTHING;
INSERT INTO "Player" ("id","sourcePlayerId","currentTeamId","nameKo","throwsHand","batsHand","roleType","isActive","createdAt","updatedAt") VALUES ('cmnwpdvrl001yll0wq752jfms','오지환_LG','5716b69d-a2ac-4e61-a0b1-31488f2f207b','오지환','U','U','HITTER',true,now(),now()) ON CONFLICT ("sourcePlayerId") DO NOTHING;
INSERT INTO "Player" ("id","sourcePlayerId","currentTeamId","nameKo","throwsHand","batsHand","roleType","isActive","createdAt","updatedAt") VALUES ('cmnwpdvrw0022ll0w3yffwccg','황성빈_롯데','cc1d1f2c-c0fe-479c-82ea-a259aed37c34','황성빈','U','U','HITTER',true,now(),now()) ON CONFLICT ("sourcePlayerId") DO NOTHING;
INSERT INTO "Player" ("id","sourcePlayerId","currentTeamId","nameKo","throwsHand","batsHand","roleType","isActive","createdAt","updatedAt") VALUES ('cmnwpdvs80026ll0wd9km8wbq','심우준_한화','6779d821-3251-4937-8251-8f9eee82b82d','심우준','U','U','HITTER',true,now(),now()) ON CONFLICT ("sourcePlayerId") DO NOTHING;
INSERT INTO "Player" ("id","sourcePlayerId","currentTeamId","nameKo","throwsHand","batsHand","roleType","isActive","createdAt","updatedAt") VALUES ('cmnwpdvsj002all0whxjursw7','최정_SSG','dc0647a4-0ad9-4b26-bb83-9a90ff010027','최정','U','U','HITTER',true,now(),now()) ON CONFLICT ("sourcePlayerId") DO NOTHING;
INSERT INTO "Player" ("id","sourcePlayerId","currentTeamId","nameKo","throwsHand","batsHand","roleType","isActive","createdAt","updatedAt") VALUES ('cmnwpdvst002ell0wjcez54zu','하주석_한화','6779d821-3251-4937-8251-8f9eee82b82d','하주석','U','U','HITTER',true,now(),now()) ON CONFLICT ("sourcePlayerId") DO NOTHING;
INSERT INTO "Player" ("id","sourcePlayerId","currentTeamId","nameKo","throwsHand","batsHand","roleType","isActive","createdAt","updatedAt") VALUES ('cmnwpdvt3002ill0w9jkrb8io','김선빈_KIA','2f445962-767d-4f50-9898-fdeeee10d403','김선빈','U','U','HITTER',true,now(),now()) ON CONFLICT ("sourcePlayerId") DO NOTHING;
INSERT INTO "Player" ("id","sourcePlayerId","currentTeamId","nameKo","throwsHand","batsHand","roleType","isActive","createdAt","updatedAt") VALUES ('cmnwpbtib0001lljodpsdfgg0','등번호_선수명_UNKNOWN',NULL,'등번호','U','U','HITTER',true,now(),now()) ON CONFLICT ("sourcePlayerId") DO NOTHING;
INSERT INTO "Player" ("id","sourcePlayerId","currentTeamId","nameKo","throwsHand","batsHand","roleType","isActive","createdAt","updatedAt") VALUES ('cmnwpdvp80016ll0wnp8pp16d','디아즈_삼성','edd8284c-77d8-435b-a01b-9b3d3d3db061','디아즈','U','U','HITTER',true,now(),now()) ON CONFLICT ("sourcePlayerId") DO NOTHING;
INSERT INTO "Player" ("id","sourcePlayerId","currentTeamId","nameKo","throwsHand","batsHand","roleType","isActive","createdAt","updatedAt") VALUES ('cmnwpdvpk001all0wplzzgqez','안현민_KT','b14c050a-56d3-4738-8e3f-9ac17e8dc4cd','안현민','U','U','HITTER',true,now(),now()) ON CONFLICT ("sourcePlayerId") DO NOTHING;
INSERT INTO "Player" ("id","sourcePlayerId","currentTeamId","nameKo","throwsHand","batsHand","roleType","isActive","createdAt","updatedAt") VALUES ('cmnwpdvpv001ell0wjssahh7p','오스틴_LG','5716b69d-a2ac-4e61-a0b1-31488f2f207b','오스틴','U','U','HITTER',true,now(),now()) ON CONFLICT ("sourcePlayerId") DO NOTHING;
INSERT INTO "Player" ("id","sourcePlayerId","currentTeamId","nameKo","throwsHand","batsHand","roleType","isActive","createdAt","updatedAt") VALUES ('cmnwpdvq7001ill0wzrnyqihq','레이예스_롯데','cc1d1f2c-c0fe-479c-82ea-a259aed37c34','레이예스','U','U','HITTER',true,now(),now()) ON CONFLICT ("sourcePlayerId") DO NOTHING;
INSERT INTO "Player" ("id","sourcePlayerId","currentTeamId","nameKo","throwsHand","batsHand","roleType","isActive","createdAt","updatedAt") VALUES ('cmnwpdvqk001mll0wcq3019pn','데일_KIA','2f445962-767d-4f50-9898-fdeeee10d403','데일','U','U','HITTER',true,now(),now()) ON CONFLICT ("sourcePlayerId") DO NOTHING;
INSERT INTO "Player" ("id","sourcePlayerId","currentTeamId","nameKo","throwsHand","batsHand","roleType","isActive","createdAt","updatedAt") VALUES ('cmnwpdvtd002mll0w87us6aai','강백호_한화','6779d821-3251-4937-8251-8f9eee82b82d','강백호','U','U','HITTER',true,now(),now()) ON CONFLICT ("sourcePlayerId") DO NOTHING;
INSERT INTO "Player" ("id","sourcePlayerId","currentTeamId","nameKo","throwsHand","batsHand","roleType","isActive","createdAt","updatedAt") VALUES ('cmnwpdvto002qll0wgo8avhku','최주환_키움','489a209b-b730-48ff-abbe-18526271bd85','최주환','U','U','HITTER',true,now(),now()) ON CONFLICT ("sourcePlayerId") DO NOTHING;
INSERT INTO "Player" ("id","sourcePlayerId","currentTeamId","nameKo","throwsHand","batsHand","roleType","isActive","createdAt","updatedAt") VALUES ('cmnwpdvty002ull0wjzpl5lw0','김현수_KT','b14c050a-56d3-4738-8e3f-9ac17e8dc4cd','김현수','U','U','HITTER',true,now(),now()) ON CONFLICT ("sourcePlayerId") DO NOTHING;
INSERT INTO "Player" ("id","sourcePlayerId","currentTeamId","nameKo","throwsHand","batsHand","roleType","isActive","createdAt","updatedAt") VALUES ('cmnwpdvu9002yll0wvsrvy04d','에레디아_SSG','dc0647a4-0ad9-4b26-bb83-9a90ff010027','에레디아','U','U','HITTER',true,now(),now()) ON CONFLICT ("sourcePlayerId") DO NOTHING;
INSERT INTO "Player" ("id","sourcePlayerId","currentTeamId","nameKo","throwsHand","batsHand","roleType","isActive","createdAt","updatedAt") VALUES ('cmnwpdvuk0032ll0wpwrewuvc','구자욱_삼성','edd8284c-77d8-435b-a01b-9b3d3d3db061','구자욱','U','U','HITTER',true,now(),now()) ON CONFLICT ("sourcePlayerId") DO NOTHING;
INSERT INTO "Player" ("id","sourcePlayerId","currentTeamId","nameKo","throwsHand","batsHand","roleType","isActive","createdAt","updatedAt") VALUES ('cmnwpdvuu0036ll0wwq14rjqw','카스트로_KIA','2f445962-767d-4f50-9898-fdeeee10d403','카스트로','U','U','HITTER',true,now(),now()) ON CONFLICT ("sourcePlayerId") DO NOTHING;
INSERT INTO "Player" ("id","sourcePlayerId","currentTeamId","nameKo","throwsHand","batsHand","roleType","isActive","createdAt","updatedAt") VALUES ('cmnwpdvv4003all0w52z2yqix','최정원_NC','82ea77a3-dc3c-409c-b010-69e52666dd7b','최정원','U','U','HITTER',true,now(),now()) ON CONFLICT ("sourcePlayerId") DO NOTHING;
INSERT INTO "Player" ("id","sourcePlayerId","currentTeamId","nameKo","throwsHand","batsHand","roleType","isActive","createdAt","updatedAt") VALUES ('cmnwpf9s1004flllse5u17wob','와일스_키움','489a209b-b730-48ff-abbe-18526271bd85','와일스','U','U','STARTING_PITCHER',true,now(),now()) ON CONFLICT ("sourcePlayerId") DO NOTHING;
INSERT INTO "Player" ("id","sourcePlayerId","currentTeamId","nameKo","throwsHand","batsHand","roleType","isActive","createdAt","updatedAt") VALUES ('cmnwpdvm80006ll0w6kav3pgw','류지혁_삼성','edd8284c-77d8-435b-a01b-9b3d3d3db061','류지혁','U','U','HITTER',true,now(),now()) ON CONFLICT ("sourcePlayerId") DO NOTHING;
INSERT INTO "Player" ("id","sourcePlayerId","currentTeamId","nameKo","throwsHand","batsHand","roleType","isActive","createdAt","updatedAt") VALUES ('cmnwpdvml000all0w78nrq8qu','박준순_두산','dc1cc76a-58df-4e86-a9ff-ee348b89fbe1','박준순','U','U','HITTER',true,now(),now()) ON CONFLICT ("sourcePlayerId") DO NOTHING;
INSERT INTO "Player" ("id","sourcePlayerId","currentTeamId","nameKo","throwsHand","batsHand","roleType","isActive","createdAt","updatedAt") VALUES ('cmnwpdvmw000ell0wfmp280et','고명준_SSG','dc0647a4-0ad9-4b26-bb83-9a90ff010027','고명준','U','U','HITTER',true,now(),now()) ON CONFLICT ("sourcePlayerId") DO NOTHING;
INSERT INTO "Player" ("id","sourcePlayerId","currentTeamId","nameKo","throwsHand","batsHand","roleType","isActive","createdAt","updatedAt") VALUES ('cmnwpdvn9000ill0wjp2onp23','페라자_한화','6779d821-3251-4937-8251-8f9eee82b82d','페라자','U','U','HITTER',true,now(),now()) ON CONFLICT ("sourcePlayerId") DO NOTHING;
INSERT INTO "Player" ("id","sourcePlayerId","currentTeamId","nameKo","throwsHand","batsHand","roleType","isActive","createdAt","updatedAt") VALUES ('cmnwpdvnl000mll0wo5w8s6lh','문성주_LG','5716b69d-a2ac-4e61-a0b1-31488f2f207b','문성주','U','U','HITTER',true,now(),now()) ON CONFLICT ("sourcePlayerId") DO NOTHING;
INSERT INTO "Player" ("id","sourcePlayerId","currentTeamId","nameKo","throwsHand","batsHand","roleType","isActive","createdAt","updatedAt") VALUES ('cmnwpdvny000qll0w8rnwgox1','천성호_LG','5716b69d-a2ac-4e61-a0b1-31488f2f207b','천성호','U','U','HITTER',true,now(),now()) ON CONFLICT ("sourcePlayerId") DO NOTHING;
INSERT INTO "Player" ("id","sourcePlayerId","currentTeamId","nameKo","throwsHand","batsHand","roleType","isActive","createdAt","updatedAt") VALUES ('cmnwpdvo9000ull0wwtsf1rye','한준수_KIA','2f445962-767d-4f50-9898-fdeeee10d403','한준수','U','U','HITTER',true,now(),now()) ON CONFLICT ("sourcePlayerId") DO NOTHING;
INSERT INTO "Player" ("id","sourcePlayerId","currentTeamId","nameKo","throwsHand","batsHand","roleType","isActive","createdAt","updatedAt") VALUES ('cmnwpdvom000yll0wygl5whfe','노진혁_롯데','cc1d1f2c-c0fe-479c-82ea-a259aed37c34','노진혁','U','U','HITTER',true,now(),now()) ON CONFLICT ("sourcePlayerId") DO NOTHING;
INSERT INTO "Player" ("id","sourcePlayerId","currentTeamId","nameKo","throwsHand","batsHand","roleType","isActive","createdAt","updatedAt") VALUES ('cmnwpdvoy0012ll0wa4ntxdnq','문현빈_한화','6779d821-3251-4937-8251-8f9eee82b82d','문현빈','U','U','HITTER',true,now(),now()) ON CONFLICT ("sourcePlayerId") DO NOTHING;
INSERT INTO "Player" ("id","sourcePlayerId","currentTeamId","nameKo","throwsHand","batsHand","roleType","isActive","createdAt","updatedAt") VALUES ('cmnwpf9sc004jllls46k5qdu5','알칸타라_키움','489a209b-b730-48ff-abbe-18526271bd85','알칸타라','U','U','STARTING_PITCHER',true,now(),now()) ON CONFLICT ("sourcePlayerId") DO NOTHING;
INSERT INTO "Player" ("id","sourcePlayerId","currentTeamId","nameKo","throwsHand","batsHand","roleType","isActive","createdAt","updatedAt") VALUES ('cmnwpf9sm004nlllsrsmudln4','테일러_NC','82ea77a3-dc3c-409c-b010-69e52666dd7b','테일러','U','U','STARTING_PITCHER',true,now(),now()) ON CONFLICT ("sourcePlayerId") DO NOTHING;
INSERT INTO "Player" ("id","sourcePlayerId","currentTeamId","nameKo","throwsHand","batsHand","roleType","isActive","createdAt","updatedAt") VALUES ('cmnwpf9sv004rlllsxgbdggoi','비슬리_롯데','cc1d1f2c-c0fe-479c-82ea-a259aed37c34','비슬리','U','U','STARTING_PITCHER',true,now(),now()) ON CONFLICT ("sourcePlayerId") DO NOTHING;
INSERT INTO "Player" ("id","sourcePlayerId","currentTeamId","nameKo","throwsHand","batsHand","roleType","isActive","createdAt","updatedAt") VALUES ('cmnwpf9t4004vlllsshuet5wm','곽빈_두산','dc1cc76a-58df-4e86-a9ff-ee348b89fbe1','곽빈','U','U','STARTING_PITCHER',true,now(),now()) ON CONFLICT ("sourcePlayerId") DO NOTHING;
INSERT INTO "Player" ("id","sourcePlayerId","currentTeamId","nameKo","throwsHand","batsHand","roleType","isActive","createdAt","updatedAt") VALUES ('cmnwpf9td004zlllshv6r0xwz','사우어_KT','b14c050a-56d3-4738-8e3f-9ac17e8dc4cd','사우어','U','U','STARTING_PITCHER',true,now(),now()) ON CONFLICT ("sourcePlayerId") DO NOTHING;
INSERT INTO "Player" ("id","sourcePlayerId","currentTeamId","nameKo","throwsHand","batsHand","roleType","isActive","createdAt","updatedAt") VALUES ('cmnwpf9tu0057lllsbj06o30g','임찬규_LG','5716b69d-a2ac-4e61-a0b1-31488f2f207b','임찬규','U','U','STARTING_PITCHER',true,now(),now()) ON CONFLICT ("sourcePlayerId") DO NOTHING;
INSERT INTO "Player" ("id","sourcePlayerId","currentTeamId","nameKo","throwsHand","batsHand","roleType","isActive","createdAt","updatedAt") VALUES ('cmnwpf9u3005blllsevm55sny','톨허스트_LG','5716b69d-a2ac-4e61-a0b1-31488f2f207b','톨허스트','U','U','STARTING_PITCHER',true,now(),now()) ON CONFLICT ("sourcePlayerId") DO NOTHING;
INSERT INTO "Player" ("id","sourcePlayerId","currentTeamId","nameKo","throwsHand","batsHand","roleType","isActive","createdAt","updatedAt") VALUES ('cmnwpf9uc005flllsvgnn050c','토다_NC','82ea77a3-dc3c-409c-b010-69e52666dd7b','토다','U','U','STARTING_PITCHER',true,now(),now()) ON CONFLICT ("sourcePlayerId") DO NOTHING;
INSERT INTO "Player" ("id","sourcePlayerId","currentTeamId","nameKo","throwsHand","batsHand","roleType","isActive","createdAt","updatedAt") VALUES ('cmnwpdvwu003fll0wpfd34mno','보쉴리_KT','b14c050a-56d3-4738-8e3f-9ac17e8dc4cd','보쉴리','U','U','STARTING_PITCHER',true,now(),now()) ON CONFLICT ("sourcePlayerId") DO NOTHING;
INSERT INTO "Player" ("id","sourcePlayerId","currentTeamId","nameKo","throwsHand","batsHand","roleType","isActive","createdAt","updatedAt") VALUES ('cmnwpdvx7003jll0w3x9pfk8e','올러_KIA','2f445962-767d-4f50-9898-fdeeee10d403','올러','U','U','STARTING_PITCHER',true,now(),now()) ON CONFLICT ("sourcePlayerId") DO NOTHING;
INSERT INTO "Player" ("id","sourcePlayerId","currentTeamId","nameKo","throwsHand","batsHand","roleType","isActive","createdAt","updatedAt") VALUES ('cmnwpdvxk003nll0wuga37ghy','배동현_키움','489a209b-b730-48ff-abbe-18526271bd85','배동현','U','U','STARTING_PITCHER',true,now(),now()) ON CONFLICT ("sourcePlayerId") DO NOTHING;
INSERT INTO "Player" ("id","sourcePlayerId","currentTeamId","nameKo","throwsHand","batsHand","roleType","isActive","createdAt","updatedAt") VALUES ('cmnwpf9qh003rlllspvlh0wy0','왕옌청_한화','6779d821-3251-4937-8251-8f9eee82b82d','왕옌청','U','U','STARTING_PITCHER',true,now(),now()) ON CONFLICT ("sourcePlayerId") DO NOTHING;
INSERT INTO "Player" ("id","sourcePlayerId","currentTeamId","nameKo","throwsHand","batsHand","roleType","isActive","createdAt","updatedAt") VALUES ('cmnwpf9qq003vlllsl4hqtu8l','구창모_NC','82ea77a3-dc3c-409c-b010-69e52666dd7b','구창모','U','U','STARTING_PITCHER',true,now(),now()) ON CONFLICT ("sourcePlayerId") DO NOTHING;
INSERT INTO "Player" ("id","sourcePlayerId","currentTeamId","nameKo","throwsHand","batsHand","roleType","isActive","createdAt","updatedAt") VALUES ('cmnwpf9r0003zllls8bxip7z9','잭로그_두산','dc1cc76a-58df-4e86-a9ff-ee348b89fbe1','잭로그','U','U','STARTING_PITCHER',true,now(),now()) ON CONFLICT ("sourcePlayerId") DO NOTHING;
INSERT INTO "Player" ("id","sourcePlayerId","currentTeamId","nameKo","throwsHand","batsHand","roleType","isActive","createdAt","updatedAt") VALUES ('cmnwpf9ra0043lllsscaun68r','후라도_삼성','edd8284c-77d8-435b-a01b-9b3d3d3db061','후라도','U','U','STARTING_PITCHER',true,now(),now()) ON CONFLICT ("sourcePlayerId") DO NOTHING;
INSERT INTO "Player" ("id","sourcePlayerId","currentTeamId","nameKo","throwsHand","batsHand","roleType","isActive","createdAt","updatedAt") VALUES ('cmnwpf9rj0047llls4nzbl0vm','네일_KIA','2f445962-767d-4f50-9898-fdeeee10d403','네일','U','U','STARTING_PITCHER',true,now(),now()) ON CONFLICT ("sourcePlayerId") DO NOTHING;
INSERT INTO "Player" ("id","sourcePlayerId","currentTeamId","nameKo","throwsHand","batsHand","roleType","isActive","createdAt","updatedAt") VALUES ('cmnwpf9rs004blllsenlalsxj','박세웅_롯데','cc1d1f2c-c0fe-479c-82ea-a259aed37c34','박세웅','U','U','STARTING_PITCHER',true,now(),now()) ON CONFLICT ("sourcePlayerId") DO NOTHING;
INSERT INTO "Player" ("id","sourcePlayerId","currentTeamId","nameKo","throwsHand","batsHand","roleType","isActive","createdAt","updatedAt") VALUES ('cmnwpdvlp0002ll0w5m8d0dtj','박성한_SSG','dc0647a4-0ad9-4b26-bb83-9a90ff010027','박성한','U','U','HITTER',true,now(),now()) ON CONFLICT ("sourcePlayerId") DO NOTHING;
INSERT INTO "Player" ("id","sourcePlayerId","currentTeamId","nameKo","throwsHand","batsHand","roleType","isActive","createdAt","updatedAt") VALUES ('cmnwpf9tl0053lllstu6g6w5f','로드리게스_롯데','cc1d1f2c-c0fe-479c-82ea-a259aed37c34','로드리게스','U','U','STARTING_PITCHER',true,now(),now()) ON CONFLICT ("sourcePlayerId") DO NOTHING;
INSERT INTO "Player" ("id","sourcePlayerId","currentTeamId","nameKo","throwsHand","batsHand","roleType","isActive","createdAt","updatedAt") VALUES ('cmnwpf9un005jllls484zejgw','베니지아노_SSG','dc0647a4-0ad9-4b26-bb83-9a90ff010027','베니지아노','U','U','STARTING_PITCHER',true,now(),now()) ON CONFLICT ("sourcePlayerId") DO NOTHING;
INSERT INTO "Player" ("id","sourcePlayerId","currentTeamId","nameKo","throwsHand","batsHand","roleType","isActive","createdAt","updatedAt") VALUES ('cmnwpf9uz005nlllsr3yhvpfv','에르난데스_한화','6779d821-3251-4937-8251-8f9eee82b82d','에르난데스','U','U','STARTING_PITCHER',true,now(),now()) ON CONFLICT ("sourcePlayerId") DO NOTHING;
INSERT INTO "Player" ("id","sourcePlayerId","currentTeamId","nameKo","throwsHand","batsHand","roleType","isActive","createdAt","updatedAt") VALUES ('cmnwpf9va005rlllsac7txwgu','최승용_두산','dc1cc76a-58df-4e86-a9ff-ee348b89fbe1','최승용','U','U','STARTING_PITCHER',true,now(),now()) ON CONFLICT ("sourcePlayerId") DO NOTHING;
INSERT INTO "Player" ("id","sourcePlayerId","currentTeamId","nameKo","throwsHand","batsHand","roleType","isActive","createdAt","updatedAt") VALUES ('cmnwpf9vn005vlllsd13j8f0p','소형준_KT','b14c050a-56d3-4738-8e3f-9ac17e8dc4cd','소형준','U','U','STARTING_PITCHER',true,now(),now()) ON CONFLICT ("sourcePlayerId") DO NOTHING;
INSERT INTO "Player" ("id","sourcePlayerId","currentTeamId","nameKo","throwsHand","batsHand","roleType","isActive","createdAt","updatedAt") VALUES ('cmnwpf9vy005zlllsor4ghuvt','화이트_SSG','dc0647a4-0ad9-4b26-bb83-9a90ff010027','화이트','U','U','STARTING_PITCHER',true,now(),now()) ON CONFLICT ("sourcePlayerId") DO NOTHING;
INSERT INTO "TeamRankDaily" ("id","seasonId","teamId","rankDate","rank","games","wins","losses","draws","winPct","gamesBack","last10","streak","homeRecord","awayRecord","createdAt","updatedAt") VALUES (gen_random_uuid(),'7ea3c5cf-36cb-48d3-b75c-7daa7123c1d1','6779d821-3251-4937-8251-8f9eee82b82d','2026-04-12T15:00:00.000Z',5,13,6,7,0,0.462,3,'4승0무6패','3패','2-0-6','4-0-1',now(),now()) ON CONFLICT ("rankDate","teamId") DO NOTHING;
INSERT INTO "TeamRankDaily" ("id","seasonId","teamId","rankDate","rank","games","wins","losses","draws","winPct","gamesBack","last10","streak","homeRecord","awayRecord","createdAt","updatedAt") VALUES (gen_random_uuid(),'7ea3c5cf-36cb-48d3-b75c-7daa7123c1d1','82ea77a3-dc3c-409c-b010-69e52666dd7b','2026-04-12T15:00:00.000Z',5,13,6,7,0,0.462,3,'4승0무6패','6패','4-0-3','2-0-4',now(),now()) ON CONFLICT ("rankDate","teamId") DO NOTHING;
INSERT INTO "TeamRankDaily" ("id","seasonId","teamId","rankDate","rank","games","wins","losses","draws","winPct","gamesBack","last10","streak","homeRecord","awayRecord","createdAt","updatedAt") VALUES (gen_random_uuid(),'7ea3c5cf-36cb-48d3-b75c-7daa7123c1d1','2f445962-767d-4f50-9898-fdeeee10d403','2026-04-12T15:00:00.000Z',5,13,6,7,0,0.462,3,'5승0무5패','4승','2-0-3','4-0-4',now(),now()) ON CONFLICT ("rankDate","teamId") DO NOTHING;
INSERT INTO "TeamRankDaily" ("id","seasonId","teamId","rankDate","rank","games","wins","losses","draws","winPct","gamesBack","last10","streak","homeRecord","awayRecord","createdAt","updatedAt") VALUES (gen_random_uuid(),'7ea3c5cf-36cb-48d3-b75c-7daa7123c1d1','cc1d1f2c-c0fe-479c-82ea-a259aed37c34','2026-04-12T15:00:00.000Z',8,13,5,8,0,0.385,4,'3승0무7패','1패','1-0-4','4-0-4',now(),now()) ON CONFLICT ("rankDate","teamId") DO NOTHING;
INSERT INTO "TeamRankDaily" ("id","seasonId","teamId","rankDate","rank","games","wins","losses","draws","winPct","gamesBack","last10","streak","homeRecord","awayRecord","createdAt","updatedAt") VALUES (gen_random_uuid(),'7ea3c5cf-36cb-48d3-b75c-7daa7123c1d1','dc1cc76a-58df-4e86-a9ff-ee348b89fbe1','2026-04-12T15:00:00.000Z',9,13,4,8,1,0.333,4.5,'3승0무7패','2패','2-0-3','2-1-5',now(),now()) ON CONFLICT ("rankDate","teamId") DO NOTHING;
INSERT INTO "TeamRankDaily" ("id","seasonId","teamId","rankDate","rank","games","wins","losses","draws","winPct","gamesBack","last10","streak","homeRecord","awayRecord","createdAt","updatedAt") VALUES (gen_random_uuid(),'7ea3c5cf-36cb-48d3-b75c-7daa7123c1d1','489a209b-b730-48ff-abbe-18526271bd85','2026-04-12T15:00:00.000Z',10,13,4,9,0,0.308,5,'4승0무6패','1승','2-0-4','2-0-5',now(),now()) ON CONFLICT ("rankDate","teamId") DO NOTHING;
INSERT INTO "TeamRankDaily" ("id","seasonId","teamId","rankDate","rank","games","wins","losses","draws","winPct","gamesBack","last10","streak","homeRecord","awayRecord","createdAt","updatedAt") VALUES (gen_random_uuid(),'7ea3c5cf-36cb-48d3-b75c-7daa7123c1d1','5716b69d-a2ac-4e61-a0b1-31488f2f207b','2026-04-12T15:00:00.000Z',1,13,9,4,0,0.692,0,'9승0무1패','7승','5-0-3','4-0-1',now(),now()) ON CONFLICT ("rankDate","teamId") DO NOTHING;
INSERT INTO "TeamRankDaily" ("id","seasonId","teamId","rankDate","rank","games","wins","losses","draws","winPct","gamesBack","last10","streak","homeRecord","awayRecord","createdAt","updatedAt") VALUES (gen_random_uuid(),'7ea3c5cf-36cb-48d3-b75c-7daa7123c1d1','b14c050a-56d3-4738-8e3f-9ac17e8dc4cd','2026-04-12T15:00:00.000Z',1,13,9,4,0,0.692,0,'6승0무4패','2승','3-0-3','6-0-1',now(),now()) ON CONFLICT ("rankDate","teamId") DO NOTHING;
INSERT INTO "TeamRankDaily" ("id","seasonId","teamId","rankDate","rank","games","wins","losses","draws","winPct","gamesBack","last10","streak","homeRecord","awayRecord","createdAt","updatedAt") VALUES (gen_random_uuid(),'7ea3c5cf-36cb-48d3-b75c-7daa7123c1d1','edd8284c-77d8-435b-a01b-9b3d3d3db061','2026-04-12T15:00:00.000Z',3,13,8,4,1,0.667,0.5,'8승0무2패','3승','5-1-2','3-0-2',now(),now()) ON CONFLICT ("rankDate","teamId") DO NOTHING;
INSERT INTO "TeamRankDaily" ("id","seasonId","teamId","rankDate","rank","games","wins","losses","draws","winPct","gamesBack","last10","streak","homeRecord","awayRecord","createdAt","updatedAt") VALUES (gen_random_uuid(),'7ea3c5cf-36cb-48d3-b75c-7daa7123c1d1','dc0647a4-0ad9-4b26-bb83-9a90ff010027','2026-04-12T15:00:00.000Z',4,13,7,6,0,0.538,2,'4승0무6패','5패','4-0-3','3-0-3',now(),now()) ON CONFLICT ("rankDate","teamId") DO NOTHING;
INSERT INTO "PlayerHitterSeasonStat" ("id","seasonId","playerId","teamId","games","plateAppearances","atBats","runs","hits","doubles","triples","homeRuns","runsBattedIn","walks","strikeOuts","avg","createdAt","updatedAt") VALUES (gen_random_uuid(),'7ea3c5cf-36cb-48d3-b75c-7daa7123c1d1','cmnwpdvp80016ll0wnp8pp16d','edd8284c-77d8-435b-a01b-9b3d3d3db061',13,58,53,10,19,3,0,3,10,0,0,0.358,now(),now()) ON CONFLICT ("seasonId","playerId") DO NOTHING;
INSERT INTO "PlayerHitterSeasonStat" ("id","seasonId","playerId","teamId","games","plateAppearances","atBats","runs","hits","doubles","triples","homeRuns","runsBattedIn","walks","strikeOuts","avg","createdAt","updatedAt") VALUES (gen_random_uuid(),'7ea3c5cf-36cb-48d3-b75c-7daa7123c1d1','cmnwpdvpk001all0wplzzgqez','b14c050a-56d3-4738-8e3f-9ac17e8dc4cd',12,60,45,13,16,2,1,3,10,0,0,0.356,now(),now()) ON CONFLICT ("seasonId","playerId") DO NOTHING;
INSERT INTO "PlayerHitterSeasonStat" ("id","seasonId","playerId","teamId","games","plateAppearances","atBats","runs","hits","doubles","triples","homeRuns","runsBattedIn","walks","strikeOuts","avg","createdAt","updatedAt") VALUES (gen_random_uuid(),'7ea3c5cf-36cb-48d3-b75c-7daa7123c1d1','cmnwpdvpv001ell0wjssahh7p','5716b69d-a2ac-4e61-a0b1-31488f2f207b',13,61,51,14,18,2,0,4,10,0,0,0.353,now(),now()) ON CONFLICT ("seasonId","playerId") DO NOTHING;
INSERT INTO "PlayerHitterSeasonStat" ("id","seasonId","playerId","teamId","games","plateAppearances","atBats","runs","hits","doubles","triples","homeRuns","runsBattedIn","walks","strikeOuts","avg","createdAt","updatedAt") VALUES (gen_random_uuid(),'7ea3c5cf-36cb-48d3-b75c-7daa7123c1d1','cmnwpdvq7001ill0wzrnyqihq','cc1d1f2c-c0fe-479c-82ea-a259aed37c34',13,60,51,7,18,2,0,4,9,0,0,0.353,now(),now()) ON CONFLICT ("seasonId","playerId") DO NOTHING;
INSERT INTO "PlayerHitterSeasonStat" ("id","seasonId","playerId","teamId","games","plateAppearances","atBats","runs","hits","doubles","triples","homeRuns","runsBattedIn","walks","strikeOuts","avg","createdAt","updatedAt") VALUES (gen_random_uuid(),'7ea3c5cf-36cb-48d3-b75c-7daa7123c1d1','cmnwpdvqk001mll0wcq3019pn','2f445962-767d-4f50-9898-fdeeee10d403',12,53,46,8,16,4,0,0,5,0,0,0.348,now(),now()) ON CONFLICT ("seasonId","playerId") DO NOTHING;
INSERT INTO "PlayerHitterSeasonStat" ("id","seasonId","playerId","teamId","games","plateAppearances","atBats","runs","hits","doubles","triples","homeRuns","runsBattedIn","walks","strikeOuts","avg","createdAt","updatedAt") VALUES (gen_random_uuid(),'7ea3c5cf-36cb-48d3-b75c-7daa7123c1d1','cmnwpdvqx001qll0wd3m86q4b','82ea77a3-dc3c-409c-b010-69e52666dd7b',12,57,49,11,17,5,0,1,10,0,0,0.347,now(),now()) ON CONFLICT ("seasonId","playerId") DO NOTHING;
INSERT INTO "PlayerHitterSeasonStat" ("id","seasonId","playerId","teamId","games","plateAppearances","atBats","runs","hits","doubles","triples","homeRuns","runsBattedIn","walks","strikeOuts","avg","createdAt","updatedAt") VALUES (gen_random_uuid(),'7ea3c5cf-36cb-48d3-b75c-7daa7123c1d1','cmnwpdvrb001ull0wwa5cufwg','82ea77a3-dc3c-409c-b010-69e52666dd7b',13,53,44,6,15,5,0,3,9,0,0,0.341,now(),now()) ON CONFLICT ("seasonId","playerId") DO NOTHING;
INSERT INTO "PlayerHitterSeasonStat" ("id","seasonId","playerId","teamId","games","plateAppearances","atBats","runs","hits","doubles","triples","homeRuns","runsBattedIn","walks","strikeOuts","avg","createdAt","updatedAt") VALUES (gen_random_uuid(),'7ea3c5cf-36cb-48d3-b75c-7daa7123c1d1','cmnwpdvrl001yll0wq752jfms','5716b69d-a2ac-4e61-a0b1-31488f2f207b',12,46,42,6,14,3,0,1,12,0,0,0.333,now(),now()) ON CONFLICT ("seasonId","playerId") DO NOTHING;
INSERT INTO "PlayerHitterSeasonStat" ("id","seasonId","playerId","teamId","games","plateAppearances","atBats","runs","hits","doubles","triples","homeRuns","runsBattedIn","walks","strikeOuts","avg","createdAt","updatedAt") VALUES (gen_random_uuid(),'7ea3c5cf-36cb-48d3-b75c-7daa7123c1d1','cmnwpdvrw0022ll0w3yffwccg','cc1d1f2c-c0fe-479c-82ea-a259aed37c34',13,41,40,6,13,1,2,0,2,0,0,0.325,now(),now()) ON CONFLICT ("seasonId","playerId") DO NOTHING;
INSERT INTO "PlayerHitterSeasonStat" ("id","seasonId","playerId","teamId","games","plateAppearances","atBats","runs","hits","doubles","triples","homeRuns","runsBattedIn","walks","strikeOuts","avg","createdAt","updatedAt") VALUES (gen_random_uuid(),'7ea3c5cf-36cb-48d3-b75c-7daa7123c1d1','cmnwpdvs80026ll0wd9km8wbq','6779d821-3251-4937-8251-8f9eee82b82d',11,40,37,10,12,3,0,2,9,0,0,0.324,now(),now()) ON CONFLICT ("seasonId","playerId") DO NOTHING;
INSERT INTO "PlayerHitterSeasonStat" ("id","seasonId","playerId","teamId","games","plateAppearances","atBats","runs","hits","doubles","triples","homeRuns","runsBattedIn","walks","strikeOuts","avg","createdAt","updatedAt") VALUES (gen_random_uuid(),'7ea3c5cf-36cb-48d3-b75c-7daa7123c1d1','cmnwpdvsj002all0whxjursw7','dc0647a4-0ad9-4b26-bb83-9a90ff010027',13,59,47,9,15,5,0,2,8,0,0,0.319,now(),now()) ON CONFLICT ("seasonId","playerId") DO NOTHING;
INSERT INTO "PlayerHitterSeasonStat" ("id","seasonId","playerId","teamId","games","plateAppearances","atBats","runs","hits","doubles","triples","homeRuns","runsBattedIn","walks","strikeOuts","avg","createdAt","updatedAt") VALUES (gen_random_uuid(),'7ea3c5cf-36cb-48d3-b75c-7daa7123c1d1','cmnwpdvst002ell0wjcez54zu','6779d821-3251-4937-8251-8f9eee82b82d',13,52,49,3,15,1,0,0,6,0,0,0.306,now(),now()) ON CONFLICT ("seasonId","playerId") DO NOTHING;
INSERT INTO "PlayerHitterSeasonStat" ("id","seasonId","playerId","teamId","games","plateAppearances","atBats","runs","hits","doubles","triples","homeRuns","runsBattedIn","walks","strikeOuts","avg","createdAt","updatedAt") VALUES (gen_random_uuid(),'7ea3c5cf-36cb-48d3-b75c-7daa7123c1d1','cmnwpdvt3002ill0w9jkrb8io','2f445962-767d-4f50-9898-fdeeee10d403',13,58,46,7,14,2,0,1,7,0,0,0.304,now(),now()) ON CONFLICT ("seasonId","playerId") DO NOTHING;
INSERT INTO "PlayerHitterSeasonStat" ("id","seasonId","playerId","teamId","games","plateAppearances","atBats","runs","hits","doubles","triples","homeRuns","runsBattedIn","walks","strikeOuts","avg","createdAt","updatedAt") VALUES (gen_random_uuid(),'7ea3c5cf-36cb-48d3-b75c-7daa7123c1d1','cmnwpdvtd002mll0w87us6aai','6779d821-3251-4937-8251-8f9eee82b82d',13,62,56,12,17,3,0,4,17,0,0,0.304,now(),now()) ON CONFLICT ("seasonId","playerId") DO NOTHING;
INSERT INTO "PlayerHitterSeasonStat" ("id","seasonId","playerId","teamId","games","plateAppearances","atBats","runs","hits","doubles","triples","homeRuns","runsBattedIn","walks","strikeOuts","avg","createdAt","updatedAt") VALUES (gen_random_uuid(),'7ea3c5cf-36cb-48d3-b75c-7daa7123c1d1','cmnwpdvto002qll0wgo8avhku','489a209b-b730-48ff-abbe-18526271bd85',11,44,40,2,12,2,0,1,7,0,0,0.3,now(),now()) ON CONFLICT ("seasonId","playerId") DO NOTHING;
INSERT INTO "PlayerHitterSeasonStat" ("id","seasonId","playerId","teamId","games","plateAppearances","atBats","runs","hits","doubles","triples","homeRuns","runsBattedIn","walks","strikeOuts","avg","createdAt","updatedAt") VALUES (gen_random_uuid(),'7ea3c5cf-36cb-48d3-b75c-7daa7123c1d1','cmnwpdvty002ull0wjzpl5lw0','b14c050a-56d3-4738-8e3f-9ac17e8dc4cd',13,64,57,7,17,5,0,0,11,0,0,0.298,now(),now()) ON CONFLICT ("seasonId","playerId") DO NOTHING;
INSERT INTO "PlayerHitterSeasonStat" ("id","seasonId","playerId","teamId","games","plateAppearances","atBats","runs","hits","doubles","triples","homeRuns","runsBattedIn","walks","strikeOuts","avg","createdAt","updatedAt") VALUES (gen_random_uuid(),'7ea3c5cf-36cb-48d3-b75c-7daa7123c1d1','cmnwpdvu9002yll0wvsrvy04d','dc0647a4-0ad9-4b26-bb83-9a90ff010027',13,59,58,8,17,1,0,4,12,0,0,0.293,now(),now()) ON CONFLICT ("seasonId","playerId") DO NOTHING;
INSERT INTO "PlayerHitterSeasonStat" ("id","seasonId","playerId","teamId","games","plateAppearances","atBats","runs","hits","doubles","triples","homeRuns","runsBattedIn","walks","strikeOuts","avg","createdAt","updatedAt") VALUES (gen_random_uuid(),'7ea3c5cf-36cb-48d3-b75c-7daa7123c1d1','cmnwpdvuk0032ll0wpwrewuvc','edd8284c-77d8-435b-a01b-9b3d3d3db061',13,54,48,7,14,1,1,2,9,0,0,0.292,now(),now()) ON CONFLICT ("seasonId","playerId") DO NOTHING;
INSERT INTO "PlayerHitterSeasonStat" ("id","seasonId","playerId","teamId","games","plateAppearances","atBats","runs","hits","doubles","triples","homeRuns","runsBattedIn","walks","strikeOuts","avg","createdAt","updatedAt") VALUES (gen_random_uuid(),'7ea3c5cf-36cb-48d3-b75c-7daa7123c1d1','cmnwpdvuu0036ll0wwq14rjqw','2f445962-767d-4f50-9898-fdeeee10d403',13,59,55,10,16,6,0,1,12,0,0,0.291,now(),now()) ON CONFLICT ("seasonId","playerId") DO NOTHING;
INSERT INTO "PlayerHitterSeasonStat" ("id","seasonId","playerId","teamId","games","plateAppearances","atBats","runs","hits","doubles","triples","homeRuns","runsBattedIn","walks","strikeOuts","avg","createdAt","updatedAt") VALUES (gen_random_uuid(),'7ea3c5cf-36cb-48d3-b75c-7daa7123c1d1','cmnwpdvv4003all0w52z2yqix','82ea77a3-dc3c-409c-b010-69e52666dd7b',13,46,31,3,9,0,0,0,1,0,0,0.29,now(),now()) ON CONFLICT ("seasonId","playerId") DO NOTHING;
INSERT INTO "PlayerHitterSeasonStat" ("id","seasonId","playerId","teamId","games","plateAppearances","atBats","runs","hits","doubles","triples","homeRuns","runsBattedIn","walks","strikeOuts","avg","createdAt","updatedAt") VALUES (gen_random_uuid(),'7ea3c5cf-36cb-48d3-b75c-7daa7123c1d1','cmnwpdvlp0002ll0w5m8d0dtj','dc0647a4-0ad9-4b26-bb83-9a90ff010027',13,61,48,12,24,9,1,0,13,0,0,0.5,now(),now()) ON CONFLICT ("seasonId","playerId") DO NOTHING;
INSERT INTO "PlayerHitterSeasonStat" ("id","seasonId","playerId","teamId","games","plateAppearances","atBats","runs","hits","doubles","triples","homeRuns","runsBattedIn","walks","strikeOuts","avg","createdAt","updatedAt") VALUES (gen_random_uuid(),'7ea3c5cf-36cb-48d3-b75c-7daa7123c1d1','cmnwpdvm80006ll0w6kav3pgw','edd8284c-77d8-435b-a01b-9b3d3d3db061',13,54,45,13,19,6,1,2,10,0,0,0.422,now(),now()) ON CONFLICT ("seasonId","playerId") DO NOTHING;
INSERT INTO "PlayerHitterSeasonStat" ("id","seasonId","playerId","teamId","games","plateAppearances","atBats","runs","hits","doubles","triples","homeRuns","runsBattedIn","walks","strikeOuts","avg","createdAt","updatedAt") VALUES (gen_random_uuid(),'7ea3c5cf-36cb-48d3-b75c-7daa7123c1d1','cmnwpdvml000all0w78nrq8qu','dc1cc76a-58df-4e86-a9ff-ee348b89fbe1',11,42,41,3,17,2,2,1,8,0,0,0.415,now(),now()) ON CONFLICT ("seasonId","playerId") DO NOTHING;
INSERT INTO "PlayerHitterSeasonStat" ("id","seasonId","playerId","teamId","games","plateAppearances","atBats","runs","hits","doubles","triples","homeRuns","runsBattedIn","walks","strikeOuts","avg","createdAt","updatedAt") VALUES (gen_random_uuid(),'7ea3c5cf-36cb-48d3-b75c-7daa7123c1d1','cmnwpdvmw000ell0wfmp280et','dc0647a4-0ad9-4b26-bb83-9a90ff010027',13,56,51,7,21,5,0,3,9,0,0,0.412,now(),now()) ON CONFLICT ("seasonId","playerId") DO NOTHING;
INSERT INTO "PlayerHitterSeasonStat" ("id","seasonId","playerId","teamId","games","plateAppearances","atBats","runs","hits","doubles","triples","homeRuns","runsBattedIn","walks","strikeOuts","avg","createdAt","updatedAt") VALUES (gen_random_uuid(),'7ea3c5cf-36cb-48d3-b75c-7daa7123c1d1','cmnwpdvn9000ill0wjp2onp23','6779d821-3251-4937-8251-8f9eee82b82d',13,63,53,13,21,6,0,1,7,0,0,0.396,now(),now()) ON CONFLICT ("seasonId","playerId") DO NOTHING;
INSERT INTO "PlayerHitterSeasonStat" ("id","seasonId","playerId","teamId","games","plateAppearances","atBats","runs","hits","doubles","triples","homeRuns","runsBattedIn","walks","strikeOuts","avg","createdAt","updatedAt") VALUES (gen_random_uuid(),'7ea3c5cf-36cb-48d3-b75c-7daa7123c1d1','cmnwpdvnl000mll0wo5w8s6lh','5716b69d-a2ac-4e61-a0b1-31488f2f207b',13,52,44,4,17,2,0,0,6,0,0,0.386,now(),now()) ON CONFLICT ("seasonId","playerId") DO NOTHING;
INSERT INTO "PlayerHitterSeasonStat" ("id","seasonId","playerId","teamId","games","plateAppearances","atBats","runs","hits","doubles","triples","homeRuns","runsBattedIn","walks","strikeOuts","avg","createdAt","updatedAt") VALUES (gen_random_uuid(),'7ea3c5cf-36cb-48d3-b75c-7daa7123c1d1','cmnwpdvny000qll0w8rnwgox1','5716b69d-a2ac-4e61-a0b1-31488f2f207b',12,41,34,8,13,3,0,1,5,0,0,0.382,now(),now()) ON CONFLICT ("seasonId","playerId") DO NOTHING;
INSERT INTO "PlayerHitterSeasonStat" ("id","seasonId","playerId","teamId","games","plateAppearances","atBats","runs","hits","doubles","triples","homeRuns","runsBattedIn","walks","strikeOuts","avg","createdAt","updatedAt") VALUES (gen_random_uuid(),'7ea3c5cf-36cb-48d3-b75c-7daa7123c1d1','cmnwpdvo9000ull0wwtsf1rye','2f445962-767d-4f50-9898-fdeeee10d403',13,41,29,8,11,4,0,2,7,0,0,0.379,now(),now()) ON CONFLICT ("seasonId","playerId") DO NOTHING;
INSERT INTO "PlayerHitterSeasonStat" ("id","seasonId","playerId","teamId","games","plateAppearances","atBats","runs","hits","doubles","triples","homeRuns","runsBattedIn","walks","strikeOuts","avg","createdAt","updatedAt") VALUES (gen_random_uuid(),'7ea3c5cf-36cb-48d3-b75c-7daa7123c1d1','cmnwpdvom000yll0wygl5whfe','cc1d1f2c-c0fe-479c-82ea-a259aed37c34',13,51,43,5,16,7,0,3,9,0,0,0.372,now(),now()) ON CONFLICT ("seasonId","playerId") DO NOTHING;
INSERT INTO "PlayerHitterSeasonStat" ("id","seasonId","playerId","teamId","games","plateAppearances","atBats","runs","hits","doubles","triples","homeRuns","runsBattedIn","walks","strikeOuts","avg","createdAt","updatedAt") VALUES (gen_random_uuid(),'7ea3c5cf-36cb-48d3-b75c-7daa7123c1d1','cmnwpdvoy0012ll0wa4ntxdnq','6779d821-3251-4937-8251-8f9eee82b82d',12,59,46,12,17,5,0,3,13,0,0,0.37,now(),now()) ON CONFLICT ("seasonId","playerId") DO NOTHING;
INSERT INTO "PlayerPitcherSeasonStat" ("id","seasonId","playerId","teamId","games","gamesStarted","inningsPitched","wins","losses","saves","holds","strikeOuts","walks","era","whip","createdAt","updatedAt") VALUES (gen_random_uuid(),'7ea3c5cf-36cb-48d3-b75c-7daa7123c1d1','cmnwpdvwu003fll0wpfd34mno','b14c050a-56d3-4738-8e3f-9ac17e8dc4cd',3,3,17,0,0,0,1,14,0,0,5,now(),now()) ON CONFLICT ("seasonId","playerId") DO NOTHING;
INSERT INTO "PlayerPitcherSeasonStat" ("id","seasonId","playerId","teamId","games","gamesStarted","inningsPitched","wins","losses","saves","holds","strikeOuts","walks","era","whip","createdAt","updatedAt") VALUES (gen_random_uuid(),'7ea3c5cf-36cb-48d3-b75c-7daa7123c1d1','cmnwpdvx7003jll0w3x9pfk8e','2f445962-767d-4f50-9898-fdeeee10d403',3,3,18,0,0,0,1,11,0,1,5,now(),now()) ON CONFLICT ("seasonId","playerId") DO NOTHING;
INSERT INTO "PlayerPitcherSeasonStat" ("id","seasonId","playerId","teamId","games","gamesStarted","inningsPitched","wins","losses","saves","holds","strikeOuts","walks","era","whip","createdAt","updatedAt") VALUES (gen_random_uuid(),'7ea3c5cf-36cb-48d3-b75c-7daa7123c1d1','cmnwpdvxk003nll0wuga37ghy','489a209b-b730-48ff-abbe-18526271bd85',4,3,16.33,0,0,0,1,15,1,1.65,2,now(),now()) ON CONFLICT ("seasonId","playerId") DO NOTHING;
INSERT INTO "PlayerPitcherSeasonStat" ("id","seasonId","playerId","teamId","games","gamesStarted","inningsPitched","wins","losses","saves","holds","strikeOuts","walks","era","whip","createdAt","updatedAt") VALUES (gen_random_uuid(),'7ea3c5cf-36cb-48d3-b75c-7daa7123c1d1','cmnwpf9qh003rlllspvlh0wy0','6779d821-3251-4937-8251-8f9eee82b82d',3,2,17.67,0,0,0,1,15,0,2.04,3,now(),now()) ON CONFLICT ("seasonId","playerId") DO NOTHING;
INSERT INTO "PlayerPitcherSeasonStat" ("id","seasonId","playerId","teamId","games","gamesStarted","inningsPitched","wins","losses","saves","holds","strikeOuts","walks","era","whip","createdAt","updatedAt") VALUES (gen_random_uuid(),'7ea3c5cf-36cb-48d3-b75c-7daa7123c1d1','cmnwpf9qq003vlllsl4hqtu8l','82ea77a3-dc3c-409c-b010-69e52666dd7b',3,2,17,0,0,0,1,10,2,2.12,6,now(),now()) ON CONFLICT ("seasonId","playerId") DO NOTHING;
INSERT INTO "PlayerPitcherSeasonStat" ("id","seasonId","playerId","teamId","games","gamesStarted","inningsPitched","wins","losses","saves","holds","strikeOuts","walks","era","whip","createdAt","updatedAt") VALUES (gen_random_uuid(),'7ea3c5cf-36cb-48d3-b75c-7daa7123c1d1','cmnwpf9r0003zllls8bxip7z9','dc1cc76a-58df-4e86-a9ff-ee348b89fbe1',3,1,19,1,0,0,0,17,2,2.37,3,now(),now()) ON CONFLICT ("seasonId","playerId") DO NOTHING;
INSERT INTO "PlayerPitcherSeasonStat" ("id","seasonId","playerId","teamId","games","gamesStarted","inningsPitched","wins","losses","saves","holds","strikeOuts","walks","era","whip","createdAt","updatedAt") VALUES (gen_random_uuid(),'7ea3c5cf-36cb-48d3-b75c-7daa7123c1d1','cmnwpf9ra0043lllsscaun68r','edd8284c-77d8-435b-a01b-9b3d3d3db061',3,1,18,1,0,0,0,18,3,2.5,2,now(),now()) ON CONFLICT ("seasonId","playerId") DO NOTHING;
INSERT INTO "PlayerPitcherSeasonStat" ("id","seasonId","playerId","teamId","games","gamesStarted","inningsPitched","wins","losses","saves","holds","strikeOuts","walks","era","whip","createdAt","updatedAt") VALUES (gen_random_uuid(),'7ea3c5cf-36cb-48d3-b75c-7daa7123c1d1','cmnwpf9rj0047llls4nzbl0vm','2f445962-767d-4f50-9898-fdeeee10d403',3,1,18,1,0,0,0,11,1,2.5,4,now(),now()) ON CONFLICT ("seasonId","playerId") DO NOTHING;
INSERT INTO "PlayerPitcherSeasonStat" ("id","seasonId","playerId","teamId","games","gamesStarted","inningsPitched","wins","losses","saves","holds","strikeOuts","walks","era","whip","createdAt","updatedAt") VALUES (gen_random_uuid(),'7ea3c5cf-36cb-48d3-b75c-7daa7123c1d1','cmnwpf9rs004blllsenlalsxj','cc1d1f2c-c0fe-479c-82ea-a259aed37c34',3,0,16,2,0,0,0,16,1,2.81,6,now(),now()) ON CONFLICT ("seasonId","playerId") DO NOTHING;
INSERT INTO "PlayerPitcherSeasonStat" ("id","seasonId","playerId","teamId","games","gamesStarted","inningsPitched","wins","losses","saves","holds","strikeOuts","walks","era","whip","createdAt","updatedAt") VALUES (gen_random_uuid(),'7ea3c5cf-36cb-48d3-b75c-7daa7123c1d1','cmnwpf9s1004flllse5u17wob','489a209b-b730-48ff-abbe-18526271bd85',3,0,18,2,0,0,0,20,1,3,2,now(),now()) ON CONFLICT ("seasonId","playerId") DO NOTHING;
INSERT INTO "PlayerPitcherSeasonStat" ("id","seasonId","playerId","teamId","games","gamesStarted","inningsPitched","wins","losses","saves","holds","strikeOuts","walks","era","whip","createdAt","updatedAt") VALUES (gen_random_uuid(),'7ea3c5cf-36cb-48d3-b75c-7daa7123c1d1','cmnwpf9sc004jllls46k5qdu5','489a209b-b730-48ff-abbe-18526271bd85',3,1,17.67,1,0,0,0,24,3,3.57,2,now(),now()) ON CONFLICT ("seasonId","playerId") DO NOTHING;
INSERT INTO "PlayerPitcherSeasonStat" ("id","seasonId","playerId","teamId","games","gamesStarted","inningsPitched","wins","losses","saves","holds","strikeOuts","walks","era","whip","createdAt","updatedAt") VALUES (gen_random_uuid(),'7ea3c5cf-36cb-48d3-b75c-7daa7123c1d1','cmnwpf9sm004nlllsrsmudln4','82ea77a3-dc3c-409c-b010-69e52666dd7b',3,1,15,1,0,0,0,12,0,4.2,12,now(),now()) ON CONFLICT ("seasonId","playerId") DO NOTHING;
INSERT INTO "PlayerPitcherSeasonStat" ("id","seasonId","playerId","teamId","games","gamesStarted","inningsPitched","wins","losses","saves","holds","strikeOuts","walks","era","whip","createdAt","updatedAt") VALUES (gen_random_uuid(),'7ea3c5cf-36cb-48d3-b75c-7daa7123c1d1','cmnwpf9sv004rlllsxgbdggoi','cc1d1f2c-c0fe-479c-82ea-a259aed37c34',3,1,15,0,0,0,1,17,0,4.2,5,now(),now()) ON CONFLICT ("seasonId","playerId") DO NOTHING;
INSERT INTO "PlayerPitcherSeasonStat" ("id","seasonId","playerId","teamId","games","gamesStarted","inningsPitched","wins","losses","saves","holds","strikeOuts","walks","era","whip","createdAt","updatedAt") VALUES (gen_random_uuid(),'7ea3c5cf-36cb-48d3-b75c-7daa7123c1d1','cmnwpf9t4004vlllsshuet5wm','dc1cc76a-58df-4e86-a9ff-ee348b89fbe1',3,0,14.67,1,0,0,0,13,2,4.3,10,now(),now()) ON CONFLICT ("seasonId","playerId") DO NOTHING;
INSERT INTO "PlayerPitcherSeasonStat" ("id","seasonId","playerId","teamId","games","gamesStarted","inningsPitched","wins","losses","saves","holds","strikeOuts","walks","era","whip","createdAt","updatedAt") VALUES (gen_random_uuid(),'7ea3c5cf-36cb-48d3-b75c-7daa7123c1d1','cmnwpf9td004zlllshv6r0xwz','b14c050a-56d3-4738-8e3f-9ac17e8dc4cd',3,1,17,1,0,0,0,17,1,4.76,10,now(),now()) ON CONFLICT ("seasonId","playerId") DO NOTHING;
INSERT INTO "PlayerPitcherSeasonStat" ("id","seasonId","playerId","teamId","games","gamesStarted","inningsPitched","wins","losses","saves","holds","strikeOuts","walks","era","whip","createdAt","updatedAt") VALUES (gen_random_uuid(),'7ea3c5cf-36cb-48d3-b75c-7daa7123c1d1','cmnwpf9tl0053lllstu6g6w5f','cc1d1f2c-c0fe-479c-82ea-a259aed37c34',3,2,17,1,0,0,0,15,3,4.76,10,now(),now()) ON CONFLICT ("seasonId","playerId") DO NOTHING;
INSERT INTO "PlayerPitcherSeasonStat" ("id","seasonId","playerId","teamId","games","gamesStarted","inningsPitched","wins","losses","saves","holds","strikeOuts","walks","era","whip","createdAt","updatedAt") VALUES (gen_random_uuid(),'7ea3c5cf-36cb-48d3-b75c-7daa7123c1d1','cmnwpf9tu0057lllsbj06o30g','5716b69d-a2ac-4e61-a0b1-31488f2f207b',3,0,15,0,0,0,0,25,0,4.8,5,now(),now()) ON CONFLICT ("seasonId","playerId") DO NOTHING;
INSERT INTO "PlayerPitcherSeasonStat" ("id","seasonId","playerId","teamId","games","gamesStarted","inningsPitched","wins","losses","saves","holds","strikeOuts","walks","era","whip","createdAt","updatedAt") VALUES (gen_random_uuid(),'7ea3c5cf-36cb-48d3-b75c-7daa7123c1d1','cmnwpf9u3005blllsevm55sny','5716b69d-a2ac-4e61-a0b1-31488f2f207b',3,2,15,1,0,0,0,15,2,4.8,5,now(),now()) ON CONFLICT ("seasonId","playerId") DO NOTHING;
INSERT INTO "PlayerPitcherSeasonStat" ("id","seasonId","playerId","teamId","games","gamesStarted","inningsPitched","wins","losses","saves","holds","strikeOuts","walks","era","whip","createdAt","updatedAt") VALUES (gen_random_uuid(),'7ea3c5cf-36cb-48d3-b75c-7daa7123c1d1','cmnwpf9uc005flllsvgnn050c','82ea77a3-dc3c-409c-b010-69e52666dd7b',3,1,13,2,0,0,0,13,0,4.85,7,now(),now()) ON CONFLICT ("seasonId","playerId") DO NOTHING;
INSERT INTO "PlayerPitcherSeasonStat" ("id","seasonId","playerId","teamId","games","gamesStarted","inningsPitched","wins","losses","saves","holds","strikeOuts","walks","era","whip","createdAt","updatedAt") VALUES (gen_random_uuid(),'7ea3c5cf-36cb-48d3-b75c-7daa7123c1d1','cmnwpf9un005jllls484zejgw','dc0647a4-0ad9-4b26-bb83-9a90ff010027',3,0,14.67,1,0,0,0,19,1,5.52,6,now(),now()) ON CONFLICT ("seasonId","playerId") DO NOTHING;
INSERT INTO "PlayerPitcherSeasonStat" ("id","seasonId","playerId","teamId","games","gamesStarted","inningsPitched","wins","losses","saves","holds","strikeOuts","walks","era","whip","createdAt","updatedAt") VALUES (gen_random_uuid(),'7ea3c5cf-36cb-48d3-b75c-7daa7123c1d1','cmnwpf9uz005nlllsr3yhvpfv','6779d821-3251-4937-8251-8f9eee82b82d',3,1,15,1,0,0,0,13,2,6,9,now(),now()) ON CONFLICT ("seasonId","playerId") DO NOTHING;
INSERT INTO "PlayerPitcherSeasonStat" ("id","seasonId","playerId","teamId","games","gamesStarted","inningsPitched","wins","losses","saves","holds","strikeOuts","walks","era","whip","createdAt","updatedAt") VALUES (gen_random_uuid(),'7ea3c5cf-36cb-48d3-b75c-7daa7123c1d1','cmnwpf9va005rlllsac7txwgu','dc1cc76a-58df-4e86-a9ff-ee348b89fbe1',3,0,13.33,2,0,0,0,14,0,6.08,6,now(),now()) ON CONFLICT ("seasonId","playerId") DO NOTHING;
INSERT INTO "PlayerPitcherSeasonStat" ("id","seasonId","playerId","teamId","games","gamesStarted","inningsPitched","wins","losses","saves","holds","strikeOuts","walks","era","whip","createdAt","updatedAt") VALUES (gen_random_uuid(),'7ea3c5cf-36cb-48d3-b75c-7daa7123c1d1','cmnwpf9vn005vlllsd13j8f0p','b14c050a-56d3-4738-8e3f-9ac17e8dc4cd',3,1,16,0,0,0,1,20,2,6.19,4,now(),now()) ON CONFLICT ("seasonId","playerId") DO NOTHING;
INSERT INTO "PlayerPitcherSeasonStat" ("id","seasonId","playerId","teamId","games","gamesStarted","inningsPitched","wins","losses","saves","holds","strikeOuts","walks","era","whip","createdAt","updatedAt") VALUES (gen_random_uuid(),'7ea3c5cf-36cb-48d3-b75c-7daa7123c1d1','cmnwpf9vy005zlllsor4ghuvt','dc0647a4-0ad9-4b26-bb83-9a90ff010027',3,1,14.67,1,0,0,0,23,1,7.36,9,now(),now()) ON CONFLICT ("seasonId","playerId") DO NOTHING;
INSERT INTO "Game" ("id","sourceGameKey","seasonId","gameDate","gameType","homeTeamId","awayTeamId","scheduledAt","status","createdAt","updatedAt") VALUES ('cmnwpkfzr0001llp0h6yc516y','prediction_5674238b-5a37-474d-a0f8-25313d258131_734f6059-ed6d-4606-8aeb-536e7497201f_2026-04-12','7ea3c5cf-36cb-48d3-b75c-7daa7123c1d1','2026-04-12T15:00:00.000Z','REGULAR_SEASON','5716b69d-a2ac-4e61-a0b1-31488f2f207b','82ea77a3-dc3c-409c-b010-69e52666dd7b','2026-04-13T09:30:00.000Z','SCHEDULED',now(),now()) ON CONFLICT ("sourceGameKey") DO NOTHING;
INSERT INTO "Game" ("id","sourceGameKey","seasonId","gameDate","gameType","homeTeamId","awayTeamId","scheduledAt","status","createdAt","updatedAt") VALUES ('cmnwpkg0k0005llp0mdui6bpl','prediction_e98240c3-4df7-49e2-8807-9d2b9db31735_cd9a12ae-1242-41ee-a4dd-e340ac129a3f_2026-04-12','7ea3c5cf-36cb-48d3-b75c-7daa7123c1d1','2026-04-12T15:00:00.000Z','REGULAR_SEASON','b14c050a-56d3-4738-8e3f-9ac17e8dc4cd','2f445962-767d-4f50-9898-fdeeee10d403','2026-04-13T09:30:00.000Z','SCHEDULED',now(),now()) ON CONFLICT ("sourceGameKey") DO NOTHING;
INSERT INTO "Game" ("id","sourceGameKey","seasonId","gameDate","gameType","homeTeamId","awayTeamId","scheduledAt","status","createdAt","updatedAt") VALUES ('cmnwpkg0x0009llp0b3vsv1yy','prediction_a5f79b62-a451-4dd5-aa67-4e675d43d787_e78e71a0-83b1-42f9-8b8f-a3040419c74a_2026-04-12','7ea3c5cf-36cb-48d3-b75c-7daa7123c1d1','2026-04-12T15:00:00.000Z','REGULAR_SEASON','edd8284c-77d8-435b-a01b-9b3d3d3db061','cc1d1f2c-c0fe-479c-82ea-a259aed37c34','2026-04-13T09:30:00.000Z','SCHEDULED',now(),now()) ON CONFLICT ("sourceGameKey") DO NOTHING;
INSERT INTO "Game" ("id","sourceGameKey","seasonId","gameDate","gameType","homeTeamId","awayTeamId","scheduledAt","status","createdAt","updatedAt") VALUES ('cmnwpkg1a000dllp0st1fo1d1','prediction_ebde158b-c3ab-43d4-99d6-a5827b4fdf23_498c3d20-d1f1-4c79-84ba-3dbf52bd0f23_2026-04-12','7ea3c5cf-36cb-48d3-b75c-7daa7123c1d1','2026-04-12T15:00:00.000Z','REGULAR_SEASON','dc0647a4-0ad9-4b26-bb83-9a90ff010027','dc1cc76a-58df-4e86-a9ff-ee348b89fbe1','2026-04-13T09:30:00.000Z','SCHEDULED',now(),now()) ON CONFLICT ("sourceGameKey") DO NOTHING;
INSERT INTO "Game" ("id","sourceGameKey","seasonId","gameDate","gameType","homeTeamId","awayTeamId","scheduledAt","status","createdAt","updatedAt") VALUES ('cmnwpkg1k000hllp098xp01y3','prediction_0bb6ba2c-9852-450b-8e48-2f06cc455217_b0f11d59-838e-4959-8dc4-ac9158d48ee4_2026-04-12','7ea3c5cf-36cb-48d3-b75c-7daa7123c1d1','2026-04-12T15:00:00.000Z','REGULAR_SEASON','6779d821-3251-4937-8251-8f9eee82b82d','489a209b-b730-48ff-abbe-18526271bd85','2026-04-13T09:30:00.000Z','SCHEDULED',now(),now()) ON CONFLICT ("sourceGameKey") DO NOTHING;
INSERT INTO "Game" ("id","sourceGameKey","seasonId","gameDate","gameType","homeTeamId","awayTeamId","scheduledAt","status","createdAt","updatedAt") VALUES ('cmnxyg9d50001llns0n6h0ma8','pred_5674238b-5a37-474d-a0f8-25313d258131_734f6059-ed6d-4606-8aeb-536e7497201f_2026-04-13','7ea3c5cf-36cb-48d3-b75c-7daa7123c1d1','2026-04-13T15:00:00.000Z','REGULAR_SEASON','5716b69d-a2ac-4e61-a0b1-31488f2f207b','82ea77a3-dc3c-409c-b010-69e52666dd7b','2026-04-14T09:30:00.000Z','SCHEDULED',now(),now()) ON CONFLICT ("sourceGameKey") DO NOTHING;
INSERT INTO "Game" ("id","sourceGameKey","seasonId","gameDate","gameType","homeTeamId","awayTeamId","scheduledAt","status","createdAt","updatedAt") VALUES ('cmnxyg9dz0005llns60qmx9d6','pred_e98240c3-4df7-49e2-8807-9d2b9db31735_cd9a12ae-1242-41ee-a4dd-e340ac129a3f_2026-04-13','7ea3c5cf-36cb-48d3-b75c-7daa7123c1d1','2026-04-13T15:00:00.000Z','REGULAR_SEASON','b14c050a-56d3-4738-8e3f-9ac17e8dc4cd','2f445962-767d-4f50-9898-fdeeee10d403','2026-04-14T09:30:00.000Z','SCHEDULED',now(),now()) ON CONFLICT ("sourceGameKey") DO NOTHING;
INSERT INTO "Game" ("id","sourceGameKey","seasonId","gameDate","gameType","homeTeamId","awayTeamId","scheduledAt","status","createdAt","updatedAt") VALUES ('cmnxyg9eb0009llns3krz8vx5','pred_a5f79b62-a451-4dd5-aa67-4e675d43d787_e78e71a0-83b1-42f9-8b8f-a3040419c74a_2026-04-13','7ea3c5cf-36cb-48d3-b75c-7daa7123c1d1','2026-04-13T15:00:00.000Z','REGULAR_SEASON','edd8284c-77d8-435b-a01b-9b3d3d3db061','cc1d1f2c-c0fe-479c-82ea-a259aed37c34','2026-04-14T09:30:00.000Z','SCHEDULED',now(),now()) ON CONFLICT ("sourceGameKey") DO NOTHING;
INSERT INTO "Game" ("id","sourceGameKey","seasonId","gameDate","gameType","homeTeamId","awayTeamId","scheduledAt","status","createdAt","updatedAt") VALUES ('cmnxyg9ep000dllnsoeuc1rsx','pred_ebde158b-c3ab-43d4-99d6-a5827b4fdf23_498c3d20-d1f1-4c79-84ba-3dbf52bd0f23_2026-04-13','7ea3c5cf-36cb-48d3-b75c-7daa7123c1d1','2026-04-13T15:00:00.000Z','REGULAR_SEASON','dc0647a4-0ad9-4b26-bb83-9a90ff010027','dc1cc76a-58df-4e86-a9ff-ee348b89fbe1','2026-04-14T09:30:00.000Z','SCHEDULED',now(),now()) ON CONFLICT ("sourceGameKey") DO NOTHING;
INSERT INTO "Game" ("id","sourceGameKey","seasonId","gameDate","gameType","homeTeamId","awayTeamId","scheduledAt","status","createdAt","updatedAt") VALUES ('cmnxyg9f2000hllnsn4i4ur9s','pred_0bb6ba2c-9852-450b-8e48-2f06cc455217_b0f11d59-838e-4959-8dc4-ac9158d48ee4_2026-04-13','7ea3c5cf-36cb-48d3-b75c-7daa7123c1d1','2026-04-13T15:00:00.000Z','REGULAR_SEASON','6779d821-3251-4937-8251-8f9eee82b82d','489a209b-b730-48ff-abbe-18526271bd85','2026-04-14T09:30:00.000Z','SCHEDULED',now(),now()) ON CONFLICT ("sourceGameKey") DO NOTHING;
INSERT INTO "Game" ("id","sourceGameKey","seasonId","gameDate","gameType","homeTeamId","awayTeamId","scheduledAt","status","createdAt","updatedAt") VALUES ('cmny6p2760001llk09u1hxztb','ml_a5f79b62-a451-4dd5-aa67-4e675d43d787_e78e71a0-83b1-42f9-8b8f-a3040419c74a_2026-04-13','7ea3c5cf-36cb-48d3-b75c-7daa7123c1d1','2026-04-13T15:00:00.000Z','REGULAR_SEASON','edd8284c-77d8-435b-a01b-9b3d3d3db061','cc1d1f2c-c0fe-479c-82ea-a259aed37c34','2026-04-14T09:30:00.000Z','SCHEDULED',now(),now()) ON CONFLICT ("sourceGameKey") DO NOTHING;
INSERT INTO "Game" ("id","sourceGameKey","seasonId","gameDate","gameType","homeTeamId","awayTeamId","scheduledAt","status","createdAt","updatedAt") VALUES ('cmny6p2820005llk05eiakgod','ml_5674238b-5a37-474d-a0f8-25313d258131_734f6059-ed6d-4606-8aeb-536e7497201f_2026-04-13','7ea3c5cf-36cb-48d3-b75c-7daa7123c1d1','2026-04-13T15:00:00.000Z','REGULAR_SEASON','5716b69d-a2ac-4e61-a0b1-31488f2f207b','82ea77a3-dc3c-409c-b010-69e52666dd7b','2026-04-14T09:30:00.000Z','SCHEDULED',now(),now()) ON CONFLICT ("sourceGameKey") DO NOTHING;
INSERT INTO "Game" ("id","sourceGameKey","seasonId","gameDate","gameType","homeTeamId","awayTeamId","scheduledAt","status","createdAt","updatedAt") VALUES ('cmny6p28k0009llk0mzhpychy','ml_ebde158b-c3ab-43d4-99d6-a5827b4fdf23_498c3d20-d1f1-4c79-84ba-3dbf52bd0f23_2026-04-13','7ea3c5cf-36cb-48d3-b75c-7daa7123c1d1','2026-04-13T15:00:00.000Z','REGULAR_SEASON','dc0647a4-0ad9-4b26-bb83-9a90ff010027','dc1cc76a-58df-4e86-a9ff-ee348b89fbe1','2026-04-14T09:30:00.000Z','SCHEDULED',now(),now()) ON CONFLICT ("sourceGameKey") DO NOTHING;
INSERT INTO "Game" ("id","sourceGameKey","seasonId","gameDate","gameType","homeTeamId","awayTeamId","scheduledAt","status","createdAt","updatedAt") VALUES ('cmny6p290000dllk01hsayg8b','ml_0bb6ba2c-9852-450b-8e48-2f06cc455217_b0f11d59-838e-4959-8dc4-ac9158d48ee4_2026-04-13','7ea3c5cf-36cb-48d3-b75c-7daa7123c1d1','2026-04-13T15:00:00.000Z','REGULAR_SEASON','6779d821-3251-4937-8251-8f9eee82b82d','489a209b-b730-48ff-abbe-18526271bd85','2026-04-14T09:30:00.000Z','SCHEDULED',now(),now()) ON CONFLICT ("sourceGameKey") DO NOTHING;
INSERT INTO "Game" ("id","sourceGameKey","seasonId","gameDate","gameType","homeTeamId","awayTeamId","scheduledAt","status","createdAt","updatedAt") VALUES ('cmny6p29d000hllk0b84462jl','ml_e98240c3-4df7-49e2-8807-9d2b9db31735_cd9a12ae-1242-41ee-a4dd-e340ac129a3f_2026-04-13','7ea3c5cf-36cb-48d3-b75c-7daa7123c1d1','2026-04-13T15:00:00.000Z','REGULAR_SEASON','b14c050a-56d3-4738-8e3f-9ac17e8dc4cd','2f445962-767d-4f50-9898-fdeeee10d403','2026-04-14T09:30:00.000Z','SCHEDULED',now(),now()) ON CONFLICT ("sourceGameKey") DO NOTHING;
INSERT INTO "Prediction" ("id","gameId","modelVersion","predictedAt","homeWinProb","awayWinProb","confidenceGrade","topReasonsJson","createdAt") VALUES (gen_random_uuid(),'cmny6p2820005llk05eiakgod','kap_model_v4.0.0','2026-04-14T05:31:40.813Z',0.907,0.093,'매우 높음','["[모델] XGBoost 22피처 ML 학습 기반 예측","[승률] LG .0.692 vs NC .0.462","[최근10경기] LG 90% vs NC 40%","[모멘텀] LG 7연승 / NC 6연패","[타선 OPS] LG 0.836 vs NC 0.771","[선구안 BB/K] LG 0.00 vs NC 0.00","[팀 ERA] LG 4.80 vs NC 3.72","[팀 WHIP] LG 0.07 vs NC 0.04","[탈삼진 K/9] LG 12.0 vs NC 7.0","[FIP] LG 0.63 vs NC 1.68","[에이스 ERA] LG 4.80 vs NC 2.12","[홈런] LG 6개 vs NC 4개","[피홈런] LG 0개 vs NC 0개 (적을수록 유리)","[홈 어드밴티지] LG 홈 경기 +3.5% 보정","[K-BB%] LG 11.4 vs NC 6.6"]'::jsonb,now()) ON CONFLICT DO NOTHING;
INSERT INTO "Prediction" ("id","gameId","modelVersion","predictedAt","homeWinProb","awayWinProb","confidenceGrade","topReasonsJson","createdAt") VALUES (gen_random_uuid(),'cmny6p2760001llk09u1hxztb','kap_model_v4.0.0','2026-04-14T05:31:40.793Z',0.829,0.171,'매우 높음','["[모델] XGBoost 22피처 ML 학습 기반 예측","[승률] 삼성 .0.667 vs 롯데 .0.385","[최근10경기] 삼성 80% vs 롯데 30%","[모멘텀] 삼성 3연승 / 롯데 1연패","[타선 OPS] 삼성 0.909 vs 롯데 0.921","[장타력 ISOP] 롯데 우세","[선구안 BB/K] 삼성 0.00 vs 롯데 0.00","[팀 ERA] 삼성 2.50 vs 롯데 3.92","[팀 WHIP] 삼성 0.17 vs 롯데 0.08","[탈삼진 K/9] 삼성 9.0 vs 롯데 9.0","[제구력 BB/9] 롯데 0.8 우세","[FIP] 삼성 1.60 vs 롯데 1.35","[에이스 ERA] 삼성 2.50 vs 롯데 4.20","[피홈런] 삼성 0개 vs 롯데 0개 (적을수록 유리)","[홈 어드밴티지] 삼성 홈 경기 +3.5% 보정","[K-BB%] 삼성 7.5 vs 롯데 8.2"]'::jsonb,now()) ON CONFLICT DO NOTHING;
INSERT INTO "Prediction" ("id","gameId","modelVersion","predictedAt","homeWinProb","awayWinProb","confidenceGrade","topReasonsJson","createdAt") VALUES (gen_random_uuid(),'cmny6p28k0009llk0mzhpychy','kap_model_v4.0.0','2026-04-14T05:31:40.830Z',0.277,0.723,'높음','["[모델] XGBoost 22피처 ML 학습 기반 예측","[승률] SSG .0.538 vs 두산 .0.333","[최근10경기] SSG 40% vs 두산 30%","[모멘텀] SSG 5연패 / 두산 2연패","[타선 OPS] SSG 0.945 vs 두산 1.039","[선구안 BB/K] SSG 0.00 vs 두산 0.00","[팀 ERA] SSG 6.44 vs 두산 4.25","[팀 WHIP] SSG 0.07 vs 두산 0.09","[탈삼진 K/9] SSG 12.9 vs 두산 8.4","[FIP] SSG 0.44 vs 두산 1.48","[에이스 ERA] SSG 7.36 vs 두산 2.37","[홈런] SSG 9개 vs 두산 1개","[피홈런] SSG 0개 vs 두산 0개 (적을수록 유리)","[홈 어드밴티지] SSG 홈 경기 +3.5% 보정","[K-BB%] SSG 12.3 vs 두산 7.7"]'::jsonb,now()) ON CONFLICT DO NOTHING;
INSERT INTO "Prediction" ("id","gameId","modelVersion","predictedAt","homeWinProb","awayWinProb","confidenceGrade","topReasonsJson","createdAt") VALUES (gen_random_uuid(),'cmny6p290000dllk01hsayg8b','kap_model_v4.0.0','2026-04-14T05:31:40.844Z',0.518,0.482,'낮음','["[모델] XGBoost 22피처 ML 학습 기반 예측","[승률] 한화 .0.462 vs 키움 .0.308","[모멘텀] 한화 3연패 / 키움 1연승","[타선 OPS] 한화 0.837 vs 키움 0.698","[장타력 ISOP] 한화 우세","[선구안 BB/K] 한화 0.00 vs 키움 0.00","[팀 ERA] 한화 4.02 vs 키움 2.74","[팀 WHIP] 한화 0.06 vs 키움 0.10","[탈삼진 K/9] 한화 7.7 vs 키움 10.2","[제구력 BB/9] 한화 0.6 우세","[FIP] 한화 1.57 vs 키움 1.12","[에이스 ERA] 한화 2.04 vs 키움 1.65","[홈런] 한화 10개 vs 키움 1개","[피홈런] 한화 0개 vs 키움 0개 (적을수록 유리)","[홈 어드밴티지] 한화 홈 경기 +3.5% 보정","[K-BB%] 한화 7.2 vs 키움 9.3"]'::jsonb,now()) ON CONFLICT DO NOTHING;
INSERT INTO "Prediction" ("id","gameId","modelVersion","predictedAt","homeWinProb","awayWinProb","confidenceGrade","topReasonsJson","createdAt") VALUES (gen_random_uuid(),'cmny6p29d000hllk0b84462jl','kap_model_v4.0.0','2026-04-14T05:31:40.857Z',0.306,0.694,'높음','["[모델] XGBoost 22피처 ML 학습 기반 예측","[승률] KT .0.692 vs KIA .0.462","[모멘텀] KT 2연승 / KIA 4연승","[타선 OPS] KT 0.766 vs KIA 0.753","[장타력 ISOP] KT 우세","[선구안 BB/K] KT 0.00 vs KIA 0.00","[팀 ERA] KT 3.65 vs KIA 1.75","[팀 WHIP] KT 0.06 vs KIA 0.03","[탈삼진 K/9] KT 9.2 vs KIA 5.5","[FIP] KT 1.24 vs KIA 1.96","[에이스 ERA] KT 0.00 vs KIA 1.00","[피홈런] KT 0개 vs KIA 0개 (적을수록 유리)","[홈 어드밴티지] KT 홈 경기 +3.5% 보정","[K-BB%] KT 8.6 vs KIA 5.2"]'::jsonb,now()) ON CONFLICT DO NOTHING;